category,variable,variable_label,upskilling_mean,upskilling_std,reskilling_mean,reskilling_std,cohens_d,t_statistic,p_value,significance
other,p_challenge_newjob,Challenge - Ensuring that participants could find a new job,0.0,0.0,0.30434781312942505,0.46047598123550415,0.8582542538642883,-17.0697092338676,1.834298944693331e-54,***
program_structure,p_hours_long,p_hours_long,0.360262006521225,0.48060131072998047,0.526236891746521,0.4996858835220337,0.3373412489891052,-5.599278034481798,2.7757186724626676e-08,***
targeting,p_target_topmiddle,p_target_topmiddle,0.32969433069229126,0.4706161320209503,0.4722638726234436,0.4996047616004944,0.29214122891426086,-4.8678110409754884,1.3070216715008045e-06,***
other,p_effect_reverse,p_effect_reverse,2.4475982189178467,0.5065054893493652,2.5877060890197754,0.5076282620429993,0.276253342628479,-4.55413356606122,5.919347461374837e-06,***
other,p_adv_hr,p_adv_hr,0.4432314336299896,0.4973101019859314,0.5652173757553101,0.4961004853248596,0.245645672082901,-4.046056008418238,5.618239304054543e-05,***
funding,p_fund_union,Union,9.22707462310791,12.366608619689941,12.190404891967773,12.294974327087402,0.24044853448867798,-3.957969550351886,8.105500543469755e-05,***
targeting,p_criteria_assmsmotivation,Criteria - Pre-assessment of motivation,0.14192140102386475,0.34935110807418823,0.23088455200195312,0.4217149615287781,0.22586680948734283,-3.853030297686596,0.0001235095752876841,***
other,p_year_end_clone2,p_year_end_clone2,2022.53271484375,0.7938615083694458,2022.7001953125,0.6507445573806763,0.23507250845432281,-3.734811157025926,0.00020036055437946536,***
targeting,p_target_all,p_target_all,0.20960699021816254,0.40747320652008057,0.30434781312942505,0.46047598123550415,0.21547752618789673,-3.632026580337292,0.00029474080536887954,***
other,p_long,p_long,0.26855894923210144,0.4436945617198944,0.3658170998096466,0.4820200204849243,0.20834924280643463,-3.4864775229923866,0.0005100151499819298,***
other,p_cha_takeup,p_cha_takeup,0.4737991392612457,0.4998590350151062,0.5787106156349182,0.49413633346557617,0.21131350100040436,-3.4746959951672793,0.0005339460512684002,***
targeting,p_criteria_assmskills,Criteria - Pre-assessment of knowledge/skills,0.7838428020477295,0.4120728373527527,0.8635681867599487,0.34350407123565674,0.21377979218959808,-3.4067712786254507,0.0006877678038139219,***
targeting,p_target_topbottom,p_target_topbottom,0.235807865858078,0.42496684193611145,0.32683658599853516,0.46940895915031433,0.20145729184150696,-3.3814956632674833,0.0007477007026961359,***
other,p_cri_individual,p_cri_individual,0.8493449687957764,0.3581034541130066,0.9130434989929199,0.28198277950286865,0.20209820568561554,-3.1880855947932987,0.0014860957101171686,**
other,p_challenge_convincingemployees,Challenge - Convincing eligible employees to apply,0.23144105076789856,0.4222147762775421,0.3133433163166046,0.4642007648944855,0.18298491835594177,-3.068797372557246,0.0022049389552507123,**
other,p_challenge_selecting,Challenge - Selecting the right participants,0.30786025524139404,0.4621131718158722,0.3943028450012207,0.4890671968460083,0.1807357221841812,-3.0097928148590043,0.0026787095907538886,**
other,p_year_start_clone2,p_year_start_clone2,2020.73583984375,1.1619728803634644,2020.9505615234375,1.1951900720596313,0.18169265985488892,-3.009763019209211,0.0026800934175230844,**
targeting,p_target_middle,p_target_middle,0.6877729296684265,0.4639086425304413,0.7661169171333313,0.42361634969711304,0.17786931991577148,-2.882056513512067,0.004042546085383691,**
funding,p_fund_wrk,Employee,10.783843040466309,14.973616600036621,13.358321189880371,15.181848526000977,0.1705239713191986,-2.817215343305159,0.0049404576671706266,**
other,p_cha_during,p_cha_during,0.7947598099708557,0.4043186604976654,0.8590704798698425,0.3482099771499634,0.1728476583957672,-2.7707929454395486,0.005709368656442841,**
funding,p_fund_org,Employer,61.879913330078125,35.436336517333984,56.094451904296875,33.14403533935547,-0.16968411207199097,2.761645081737242,0.005863371590927714,**
other,p_resp_hr,p_resp_hr,0.4825327396392822,0.500241219997406,0.5562219023704529,0.4972018897533417,0.14783930778503418,-2.43342030963577,0.015135111624279352,*
other,p_challenge_progcompl,Challenge - Ensuring program completion,0.3908296823501587,0.4884698688983917,0.3223388195037842,0.46772268414497375,-0.1438053697347641,2.350670053141396,0.018942407002005644,*
program_structure,p_part_exp,p_part_exp,63.63318634033203,22.495725631713867,66.62519073486328,23.786218643188477,0.12857943773269653,-2.1408729771707744,0.032521549006163684,*
other,p_part,p_part,54.28165817260742,24.182506561279297,57.1334342956543,24.535966873168945,0.11691083759069443,-1.9317273675334887,0.05367786379879354,
program_structure,p_eligibility,p_eligibility,59.34934616088867,20.733491897583008,61.71664047241211,21.820432662963867,0.11069998890161514,-1.8415762873625283,0.06582907301276501,
targeting,p_criteria_managerrec,Criteria - Manager's recommendation',0.11572052538394928,0.32023927569389343,0.15292353928089142,0.3601838946342468,0.10799510776996613,-1.8187525594068799,0.06923357321941762,
other,p_challenge_learning,Challenge - Ensuring that participants learned new skills,0.4410480260848999,0.49705544114112854,0.4932533800601959,0.5003296732902527,0.10461997985839844,-1.7260931737998544,0.08464377144273633,
other,p_adv_top,p_adv_top,0.3056768476963043,0.46119728684425354,0.2593703269958496,0.4386180341243744,-0.10337571054697037,1.6876698998671273,0.09180299664948155,
targeting,p_target_top,p_target_top,0.5436681509017944,0.49863409996032715,0.5922039151191711,0.491793692111969,0.09813357889652252,-1.6129524753616717,0.10707896471248446,
other,p_challenge_scaling,Challenge - Scaling-up the program,0.2052401751279831,0.4043186604976654,0.24437780678272247,0.430040180683136,0.09323741495609283,-1.5541180850302876,0.12046636597154761,
funding,p_fund_other,Other,5.181222915649414,9.353729248046875,4.349325180053711,9.169705390930176,-0.08998318761587143,1.4773261922504601,0.13991298785462536,
other,p_challenge_supportoutsideHR,Challenge - Getting the support of other corporate managers outside HR,0.10917030274868011,0.31219378113746643,0.13793103396892548,0.34508636593818665,0.08660413324832916,-1.453854785408702,0.1462876449174511,
other,p_oja,p_oja,0.9017467498779297,0.29798227548599243,0.9220389723777771,0.26831144094467163,0.07227488607168198,-1.1680638721287475,0.24308584188622367,
funding,p_fund_gov,Government,12.927947998046875,16.041427612304688,14.007495880126953,13.966119766235352,0.07271785289049149,-1.1679952632649302,0.24312114475307114,
other,p_participated_coarse,p_participated_coarse,1.9650654792785645,0.8121628165245056,2.0194902420043945,0.8079435229301453,0.06721901893615723,-1.1066006701769497,0.2687384688232455,
other,p_size_coarse1,p_participated_coarse==     1.0000,0.3471615720524017,0.47658823509251197,0.31634182908545727,0.4653970407082029,-0.06557623636609577,1.0758391521634667,0.2822675570603422,
targeting,p_target_emp,p_target_emp,0.6375545859336853,0.4812321662902832,0.6641679406166077,0.4726349413394928,0.05589253082871437,-0.9179469549736323,0.3588746639941045,
targeting,p_criteria_jobtitle,Criteria - Job Title,0.7598253488540649,0.42765653133392334,0.782608687877655,0.4127805531024933,0.05438875034451485,-0.8903700212079639,0.3734904654272111,
other,p_compfull,p_compfull,0.6659388542175293,0.4721769690513611,0.6416791677474976,0.4798668920993805,-0.050885286182165146,0.8410388894668284,0.4005287224164443,
other,p_size_coarse3,p_participated_coarse==     3.0000,0.31222707423580787,0.4639086352369814,0.335832083958021,0.47263495807409195,0.05031941647511584,-0.8320697394232864,0.40556941659271173,
other,p_cha_support,p_cha_support,0.4104803502559662,0.49245887994766235,0.43478259444236755,0.4961004853248596,0.04913298413157463,-0.8107509886719259,0.4177041379410181,
funding,p_challenge_funding,Challenge - Finding adequate resources to fund the program,0.06331877410411835,0.24380174279212952,0.07346326857805252,0.2610912024974823,0.03990795835852623,-0.6660446573406296,0.5055325250322917,
other,p_challenge_determreturn,Challenge - Determining financial returns of programs relative to other policies,0.19868995249271393,0.399450421333313,0.2128935605287552,0.4096602201461792,0.0350242517888546,-0.5798636705478356,0.5621374103122433,
targeting,p_criteria_tenure,Criteria - Tenure,0.7729257345199585,0.41939905285835266,0.7586206793785095,0.42824092507362366,-0.033685509115457535,0.5572460666713518,0.5774845877815579,
other,p_challenge_other,Challenge - Other,0.006550218444317579,0.08075612783432007,0.004497751127928495,0.06696449965238571,-0.02815745212137699,0.4482886957496928,0.6540579030155529,
other,p_challenge_convmanager,Challenge - Convincing managers to allow their employees to participate in the p,0.31659388542175293,0.4656561315059662,0.32833582162857056,0.46996015310287476,0.025078170001506805,-0.4139598494290797,0.6789933455249575,
targeting,p_target_middleemp,p_target_middleemp,0.5152838230133057,0.5003128051757812,0.5277361273765564,0.4996047616004944,0.024909937754273415,-0.4103719405051838,0.6816227011434823,
other,p_cha_scale,p_cha_scale,0.5545851588249207,0.4975550174713135,0.5667166709899902,0.4959007799625397,0.02443039044737816,-0.4023285829357269,0.6875299449371459,
other,p_resp_top,p_resp_top,0.24235807359218597,0.4289783835411072,0.2353823035955429,0.4245558977127075,-0.01636117696762085,0.26908973404258213,0.7879175250800493,
other,p_size_coarse2,p_participated_coarse==     2.0000,0.3406113537117904,0.4744330460079,0.34782608695652173,0.4766379185970992,0.015165225980565888,-0.2501167080779053,0.8025492381087034,
other,p_challenge_effectiveness,Challenge - Monitoring the effectiveness of the program,0.3449781537055969,0.4758809506893158,0.3388305902481079,0.4736673831939697,-0.012953981757164001,0.2132780395910792,0.8311544927176988,
targeting,p_criteria_qualifications,Criteria - Pre-existing skills/qualifications,0.8515284061431885,0.35595566034317017,0.8530734777450562,0.35429835319519043,0.004352636635303497,-0.07166299085050441,0.9428847419148559,
other,p_participated_100000 or more,p_participated_100000 or more,0.006550218340611353,0.0807561277996606,0.0,0.0,-0.12714874214747354,0.08111109978998872,0.9484758651690853,
other,p_adv_resp_match,p_adv_resp_match,0.635371208190918,0.481852263212204,0.6371814012527466,0.48117396235466003,0.003759876824915409,-0.06194115028019653,0.9506223096200641,
other,p_application_Other,p_application_Other,0.0,0.0,0.0014992503748125937,0.0387201546331183,0.05027937222801672,-0.03872015463311833,0.9753622917504468,
other,p_ongoing,p_ongoing,0.5043668150901794,0.5005276799201965,0.5052473545074463,0.5003476738929749,0.0017595974495634437,-0.028993703711526236,0.9768755030497329,
funding,p_adequatefund_Overfunded,p_adequatefund_Overfunded,0.0982532751091703,0.29798228333545335,0.1409295352323838,0.3482099736049383,0.12983444870102978,-0.09311756252107553,,
funding,p_adequatefund_Adequate funding,p_adequatefund_Adequate funding,0.8558951965065502,0.3515800003567276,0.8050974512743628,0.3964229485696475,-0.13409630111567186,0.09586875530437297,,
funding,p_adequatefund_Underfunded,p_adequatefund_Underfunded,0.04585152838427948,0.20939173084231985,0.053973013493253376,0.22613401748792583,0.037004149186061736,-0.02635214438770533,,
funding,p_adequatefunddummy_Not adequately funded,p_adequatefunddummy_Not adequately funded,0.14410480349344978,0.3515800003567276,0.19490254872563717,0.3964229485696475,0.13409630111567186,-0.09586875530437297,,
funding,p_adequatefunddummy_Adequately funded,p_adequatefunddummy_Adequately funded,0.8558951965065502,0.3515800003567276,0.8050974512743628,0.3964229485696475,-0.13409630111567186,0.09586875530437297,,
program_structure,p_hourstrained_less 10 hours,p_hourstrained_less 10 hours,0.03711790393013101,0.1892574204320525,0.026986506746626688,0.16216553881704,-0.05832661370406191,0.04065064911361732,,
program_structure,p_hourstrained_10 - 49 hours,p_hourstrained_10 - 49 hours,0.2423580786026201,0.4289783631496665,0.1724137931034483,0.378023176818389,-0.1750602317126617,0.12232884178138934,,
program_structure,p_hourstrained_50 - 99 hours,p_hourstrained_50 - 99 hours,0.36026200873362446,0.48060130225205583,0.27436281859070466,0.4465274830174975,-0.18645449247905788,0.1309395660769266,,
program_structure,p_hourstrained_100 - 199 hours,p_hourstrained_100 - 199 hours,0.26200873362445415,0.44020820607276,0.29685157421289354,0.45721343657569385,0.077364799930566,-0.05489768830124481,,
program_structure,p_hourstrained_200 - 499 hours,p_hourstrained_200 - 499 hours,0.07205240174672489,0.25885740666526474,0.17541229385307347,0.3806047850871253,0.3072350811052924,-0.2245537051627909,,
program_structure,p_hourstrained_greater 500 hours,p_hourstrained_greater 500 hours,0.026200873362445413,0.15990690343849476,0.053973013493253376,0.22613401748792583,0.13760651240882915,-0.10027493340466738,,
program_structure,p_duration_less 1 month,p_duration_less 1 month,0.08951965065502183,0.2858045357487916,0.06146926536731634,0.24036933580951533,-0.10796103102350676,0.07511236404743622,,
program_structure,p_duration_2 - 6 months,p_duration_2 - 6 months,0.6419213973799127,0.47995967456956495,0.5727136431784108,0.49505571668388193,-0.1415382119409867,0.10037053402874868,,
program_structure,p_duration_7 - 12 months,p_duration_7 - 12 months,0.2183406113537118,0.4135715678294533,0.29685157421289354,0.45721343657569385,0.17844363953306458,-0.12734726248876893,,
program_structure,p_duration_ greater 12 months,p_duration_ greater 12 months,0.05021834061135371,0.218634003523203,0.06896551724137931,0.2535856561309022,0.0781206248662346,-0.055991286978081756,,
program_structure,p_comphours_Entirely compensated hours,p_comphours_Entirely compensated hours,0.665938864628821,0.4721769646751355,0.6416791604197901,0.47986690994666065,-0.050885322735861244,0.03603540182629012,,
program_structure,p_comphours_Partly compensated hours,p_comphours_Partly compensated hours,0.30131004366812225,0.4593288176715489,0.33883058470764615,0.47366738601753516,0.08019173385334145,-0.05686603298229697,,
program_structure,p_comphours_Uncompensated hours,p_comphours_Uncompensated hours,0.03275109170305677,0.1781790559619404,0.019490254872563718,0.13834406062095367,-0.08512063318588459,0.05878521697886414,,
program_design,p_advocacy_Board of Directors,p_advocacy_Board of Directors,0.07641921397379912,0.26595818887482625,0.06896551724137931,0.25358565613090217,-0.028813013670698082,0.02028343008184408,,
program_design,p_advocacy_C-Suite Leaders excluding HR,p_advocacy_C-Suite Leaders excluding HR,0.2292576419213974,0.4208149528044797,0.1904047976011994,0.3929150904779515,-0.09605127034550029,0.06748423766361163,,
program_design,p_advocacy_HR Leaders,p_advocacy_HR Leaders,0.4432314410480349,0.4973100892538075,0.5652173913043478,0.4961004745999439,0.24564569213254372,-0.17365836811106242,,
program_design,p_advocacy_Business Unit/Subsidiary/Function Leaders,p_advocacy_Business Unit/Subsidiary/Function Leaders,0.11353711790393013,0.3175951411371891,0.05847076461769116,0.23480756986249357,-0.2027775305961901,0.13941909258372603,,
program_design,p_advocacy_Middle Managers and/or front-line supervisors,p_advocacy_Middle Managers and/or front-line supervisors,0.10262008733624454,0.30379386616354176,0.08095952023988005,0.2729776468068877,-0.07575763955215664,0.053034933002226704,,
program_design,p_advocacy_Employees (salaried and/or hourly wage),p_advocacy_Employees (salaried and/or hourly wage),0.024017467248908297,0.15327074384764536,0.02848575712143928,0.16648084512589673,0.027712781208846862,-0.019745735324888762,,
program_design,p_advocacy_Unclear who is the primary advocate,p_advocacy_Unclear who is the primary advocate,0.010917030567685589,0.10402632690637235,0.0074962518740629685,0.08632050359146899,-0.036418605580007306,0.025306002396887503,,
program_design,p_advocacy_hier_Top Management,p_advocacy_hier_Top Management,0.3056768558951965,0.46119728159272305,0.2593703148425787,0.438618044644128,-0.1033757533705486,0.0727557406049706,,
program_design,p_advocacy_hier_HR,p_advocacy_hier_HR,0.4432314410480349,0.4973100892538075,0.5652173913043478,0.4961004745999439,0.24564569213254372,-0.17365836811106242,,
program_design,p_advocacy_hier_BU and Middle Management,p_advocacy_hier_BU and Middle Management,0.21615720524017468,0.4120728321499865,0.13943028485757122,0.3466549363665201,-0.2047922398305549,0.14248478423979957,,
program_design,p_advocacy_hier_Employees and Others,p_advocacy_hier_Employees and Others,0.034934497816593885,0.1838147199762418,0.035982008995502246,0.18638505053577967,0.005651732759271473,-0.004001538975895854,,
program_design,p_responsibility_Board of Directors,p_responsibility_Board of Directors,0.05021834061135371,0.218634003523203,0.043478260869565216,0.20408416400635326,-0.032076255029734616,0.02253574986219141,,
program_design,p_responsibility_C-Suite Leaders_ excluding HR,p_responsibility_C-Suite Leaders_ excluding HR,0.19213973799126638,0.3944131253801542,0.191904047976012,0.3940935580812338,-0.0005978586614485709,0.00042271802599234715,,
program_design,p_responsibility_HR Leaders,p_responsibility_HR Leaders,0.48253275109170307,0.5002412153572381,0.5562218890554723,0.49720189910045476,0.1478392469561095,-0.10447883493592484,,
program_design,p_responsibility_Business Unit/Subsidiary/Function Leaders,p_responsibility_Business Unit/Subsidiary/Function Leaders,0.1331877729257642,0.34014910442606844,0.08395802098950525,0.2775329724333115,-0.1616359912076135,0.11213922079383377,,
program_design,p_responsibility_Middle Managers and/or front-line supervisors,p_responsibility_Middle Managers and/or front-line supervisors,0.11353711790393013,0.3175951411371891,0.10644677661169415,0.3086400443361529,-0.022702512508489803,0.016010329642020173,,
program_design,p_responsibility_Employees (salaried and/or hourly wage),p_responsibility_Employees (salaried and/or hourly wage),0.024017467248908297,0.15327074384764536,0.01199400299850075,0.10894007482979766,-0.09332504757518746,0.06394025190769928,,
program_design,p_responsibility_Internal Academy,p_responsibility_Internal Academy,0.004366812227074236,0.06600952082289963,0.005997001499250375,0.07726569729824148,0.022363499291341547,-0.016041530249148853,,
program_design,p_responsibility_hier_Top Management,p_responsibility_hier_Top Management,0.2423580786026201,0.4289783631496665,0.2353823088455772,0.42455590206808735,-0.016361176287955963,0.011557937601487704,,
program_design,p_responsibility_hier_HR,p_responsibility_hier_HR,0.48253275109170307,0.5002412153572381,0.5562218890554723,0.49720189910045476,0.1478392469561095,-0.10447883493592484,,
program_design,p_responsibility_hier_BU and Middle Management,p_responsibility_hier_BU and Middle Management,0.24672489082969432,0.43157664069900037,0.1904047976011994,0.3929150904779515,-0.1376718534615274,0.09649729046038154,,
program_design,p_responsibility_hier_Employees and Others,p_responsibility_hier_Employees and Others,0.028384279475982533,0.16624968940470303,0.017991004497751123,0.13301825353993826,-0.0704876339041663,0.04881418848086241,,
targeting,p_criteria_other,Criteria - Other,0.0,0.0,0.0,0.0,0.0,,,
targeting,p_targetemp_c_Not Selected,p_targetemp_c_Not Selected,0.8296943231441049,0.37631216732420003,0.7661169415292354,0.4236163537128542,-0.15696826876516606,0.11220401894152006,,
targeting,p_targetemp_c_Selected,p_targetemp_c_Selected,0.1703056768558952,0.3763121673242,0.23388305847076463,0.4236163537128542,0.15696826876516592,-0.11220401894151996,,
targeting,p_targetemp_bul_Not Selected,p_targetemp_bul_Not Selected,0.5218340611353712,0.5000692717630121,0.4782608695652174,0.49990206639804213,-0.08715159190389309,0.0616235638576059,,
targeting,p_targetemp_bul_Selected,p_targetemp_bul_Selected,0.4781659388646288,0.5000692717630121,0.5217391304347826,0.49990206639804213,0.08715159190389297,-0.061623563857605826,,
targeting,p_targetemp_mm_Not Selected,p_targetemp_mm_Not Selected,0.31222707423580787,0.46390863523698145,0.23388305847076463,0.4236163537128543,-0.1778693856611154,0.124707666344034,,
targeting,p_targetemp_mm_Selected,p_targetemp_mm_Selected,0.6877729257641921,0.46390863523698145,0.7661169415292354,0.4236163537128543,0.1778693856611154,-0.124707666344034,,
targeting,p_targetemp_emp_Not Selected,p_targetemp_emp_Not Selected,0.3624454148471616,0.4812321465280719,0.335832083958021,0.47263495807409195,-0.055892478295929915,0.03945560623486379,,
targeting,p_targetemp_emp_Selected,p_targetemp_emp_Selected,0.6375545851528385,0.48123214652807195,0.664167916041979,0.47263495807409195,0.05589247829592979,-0.03945560623486371,,
targeting,p_targetfunc_leg_Not Selected,p_targetfunc_leg_Not Selected,0.9082969432314411,0.2889219061755225,0.8710644677661169,0.33538007713334295,-0.11734302213058972,0.0841091030170424,,
targeting,p_targetfunc_leg_Selected,p_targetfunc_leg_Selected,0.09170305676855896,0.2889219061755225,0.12893553223388307,0.33538007713334295,0.1173430221305896,-0.0841091030170423,,
targeting,p_targetfunc_hr_Not Selected,p_targetfunc_hr_Not Selected,0.5065502183406113,0.5005037928994501,0.4122938530734633,0.4926169476015423,-0.1900937005574133,0.13421774562521938,,
targeting,p_targetfunc_hr_Selected,p_targetfunc_hr_Selected,0.49344978165938863,0.5005037928994501,0.5877061469265368,0.4926169476015423,0.19009370055741354,-0.13421774562521954,,
targeting,p_targetfunc_adm_Not Selected,p_targetfunc_adm_Not Selected,0.7117903930131004,0.45342444135852394,0.6341829085457271,0.4820200076921617,-0.16491427319675062,0.1172729314531812,,
targeting,p_targetfunc_adm_Selected,p_targetfunc_adm_Selected,0.28820960698689957,0.45342444135852394,0.3658170914542729,0.4820200076921617,0.16491427319675062,-0.1172729314531812,,
targeting,p_targetfunc_it_Not Selected,p_targetfunc_it_Not Selected,0.611353711790393,0.48797567983550055,0.4362818590704648,0.49629555487988775,-0.355168081206627,0.2515365024345425,,
targeting,p_targetfunc_it_Selected,p_targetfunc_it_Selected,0.388646288209607,0.48797567983550055,0.5637181409295352,0.49629555487988775,0.355168081206627,-0.2515365024345425,,
targeting,p_targetfunc_op_Not Selected,p_targetfunc_op_Not Selected,0.462882096069869,0.4991655961842498,0.5352323838080959,0.4991314362584529,0.1449483392167132,-0.10249330086731188,,
targeting,p_targetfunc_op_Selected,p_targetfunc_op_Selected,0.537117903930131,0.4991655961842498,0.46476761619190404,0.4991314362584529,-0.14494833921671343,0.10249330086731204,,
targeting,p_targetfunc_mrksal_Not Selected,p_targetfunc_mrksal_Not Selected,0.6353711790393013,0.48185224975074475,0.5787106446776612,0.4941363247516552,-0.11582885640441912,0.08209496719590482,,
targeting,p_targetfunc_mrksal_Selected,p_targetfunc_mrksal_Selected,0.3646288209606987,0.48185224975074475,0.42128935532233885,0.49413632475165514,0.11582885640441924,-0.08209496719590491,,
targeting,p_targetfunc_rd_Not Selected,p_targetfunc_rd_Not Selected,0.8930131004366813,0.30943458679364183,0.8335832083958021,0.3727338658247111,-0.17059652789446622,0.12267798261830233,,
targeting,p_targetfunc_rd_Selected,p_targetfunc_rd_Selected,0.10698689956331878,0.30943458679364183,0.1664167916041979,0.3727338658247111,0.17059652789446622,-0.12267798261830233,,
targeting,p_targetfunc_accfin_Not Selected,p_targetfunc_accfin_Not Selected,0.7816593886462883,0.4135715678294533,0.623688155922039,0.4848233125056969,-0.34554176498485517,0.247892929590647,,
targeting,p_targetfunc_accfin_Selected,p_targetfunc_accfin_Selected,0.2183406113537118,0.41357156782945326,0.37631184407796103,0.4848233125056969,0.34554176498485506,-0.2478929295906469,,
targeting,p_targetfunc_cust_Not Selected,p_targetfunc_cust_Not Selected,0.6724890829694323,0.46981853763454806,0.6011994002998501,0.49001906024055764,-0.14793437175902496,0.10501413589156705,,
targeting,p_targetfunc_cust_Selected,p_targetfunc_cust_Selected,0.32751091703056767,0.46981853763454806,0.3988005997001499,0.49001906024055764,0.14793437175902496,-0.10501413589156705,,
other,p_participated_Fewer than 50,p_participated_Fewer than 50,0.10480349344978165,0.30663498822749263,0.11694152923538231,0.3215917634856372,0.038461320763851906,-0.02731642980820776,,
other,p_participated_50 - 99,p_participated_50 - 99,0.2423580786026201,0.4289783631496665,0.19940029985007496,0.3998493712632416,-0.10427862530846421,0.07325284459040968,,
other,p_participated_100 - 499,p_participated_100 - 499,0.3406113537117904,0.4744330460079,0.34782608695652173,0.4766379185970992,0.015165225980565888,-0.010728059802854227,,
other,p_participated_500 - 999,p_participated_500 - 999,0.15502183406113537,0.36232125988503816,0.19940029985007496,0.3998493712632416,0.11526301765016697,-0.08224495202388162,,
other,p_participated_1000 - 9999,p_participated_1000 - 9999,0.13755458515283842,0.3448085160909816,0.10794602698650675,0.31054511323286044,-0.09112435677569188,0.06380633489572866,,
other,p_participated_10000 - 49999,p_participated_10000 - 49999,0.010917030567685589,0.10402632690637235,0.0239880059970015,0.15312653457733455,0.09659827075092385,-0.07060832959893093,,
other,p_participated_50000 - 99999,p_participated_50000 - 99999,0.002183406113537118,0.046726931351599776,0.004497751124437781,0.06696450077693653,0.038854443423934175,-0.02834273061232864,,
other,p_participated_2023_Fewer than 50,p_participated_2023_Fewer than 50,0.043668122270742356,0.20457907661272132,0.06596701649175413,0.2484107179578622,0.09629152980826891,-0.06929250995893792,,
other,p_participated_2023_50 - 99,p_participated_2023_50 - 99,0.14847161572052403,0.3559556746278822,0.12143928035982009,0.32688221030777675,-0.07973798390780384,0.05593551747120959,,
other,p_participated_2023_100 - 499,p_participated_2023_100 - 499,0.33624454148471616,0.47294028983491443,0.2698650674662669,0.44422265312527415,-0.14552836269733305,0.10230327056923674,,
other,p_participated_2023_500 - 999,p_participated_2023_500 - 999,0.20087336244541484,0.4010916467491582,0.2638680659670165,0.44105936556052894,0.1481363174492514,-0.10566727657713884,,
other,p_participated_2023_1000 - 9999,p_participated_2023_1000 - 9999,0.2314410480349345,0.42221477342438546,0.22188905547226387,0.41582874266744213,-0.02282766753137571,0.016118691914299963,,
other,p_participated_2023_10000 - 49999,p_participated_2023_10000 - 49999,0.03056768558951965,0.17233149827941194,0.035982008995502246,0.18638505053577967,0.029946829205884755,-0.02132920866187201,,
other,p_participated_2023_50000 - 99999,p_participated_2023_50000 - 99999,0.006550218340611353,0.0807561277996606,0.019490254872563718,0.13834406062095367,0.10934596661817268,-0.08077962527718885,,
other,p_participated_2023_100000 or more,p_participated_2023_100000 or more,0.002183406113537118,0.046726931351599776,0.0014992503748125937,0.03872015463311831,-0.016226694598327467,0.011273904948781324,,
other,p_mandavolunt_Mandatory,p_mandavolunt_Mandatory,0.45414847161572053,0.4984376419781778,0.34782608695652173,0.4766379185970992,-0.2189382263087798,0.15416753367718675,,
other,p_mandavolunt_Voluntary,p_mandavolunt_Voluntary,0.5458515283842795,0.4984376419781778,0.6521739130434783,0.4766379185970992,0.21893822630877968,-0.15416753367718666,,
other,p_year_start_2019,p_year_start_2019,0.185589519650655,0.3892001865175899,0.15442278860569716,0.3616247386615465,-0.08353621045460187,0.05866443132407715,,
other,p_year_start_2020,p_year_start_2020,0.2314410480349345,0.42221477342438546,0.20389805097451275,0.40319643471410505,-0.06700773354369814,0.047178114612847946,,
other,p_year_start_2021,p_year_start_2021,0.29694323144104806,0.4574109436681055,0.25037481259370314,0.43355400877376415,-0.10502163156041555,0.07389077723189623,,
other,p_year_start_2022,p_year_start_2022,0.2336244541484716,0.42359868968632136,0.3193403298350825,0.46657095180772007,0.1906578854959506,-0.136018516397782,,
other,p_year_start_2023,p_year_start_2023,0.05240174672489083,0.22307949186466364,0.07196401799100449,0.258622265439054,0.07991716514825932,-0.05727657293965736,,
other,p_year_end_2019,p_year_end_2019,0.002183406113537118,0.046726931351599776,0.0029985007496251873,0.05471744234014755,0.015791748266140205,-0.011327967181625164,,
other,p_year_end_2020,p_year_end_2020,0.021834061135371178,0.14630129419840257,0.014992503748125937,0.12161374242298541,-0.05174465765267855,0.035961422044056245,,
other,p_year_end_2021,p_year_end_2021,0.11135371179039301,0.3149136267907282,0.043478260869565216,0.20408416400635324,-0.2661108003256638,0.18087523603292124,,
other,p_year_end_2022,p_year_end_2022,0.1703056768558952,0.3763121673242,0.15592203898050974,0.3630536735648455,-0.039032225971780174,0.02750771655131335,,
other,p_year_end_2023,p_year_end_2023,0.18995633187772926,0.39269533495787184,0.2773613193403298,0.44803232790715936,0.20499283659854015,-0.14670913484873455,,
other,p_year_end_Ongoing,p_year_end_Ongoing,0.5043668122270742,0.5005276567545984,0.5052473763118441,0.5003476781933102,0.0017596468020722612,-0.001244216544861858,,
other,p_otjactivities_Yes,p_otjactivities_Yes,0.9017467248908297,0.2979822833354533,0.9220389805097451,0.26831144498748355,0.07227500716632625,-0.05060672950047931,,
other,p_otjactivities_No,p_otjactivities_No,0.0982532751091703,0.29798228333545335,0.07796101949025487,0.2683114449874835,-0.07227500716632655,0.05060672950047951,,
other,p_cost_less $500,p_cost_less $500,0.2052401746724891,0.40431865474526907,0.13343328335832083,0.3402976037688114,-0.1952875448613577,0.13587804558853953,,
other,p_cost_$501 - $1_000,p_cost_$501 - $1_000,0.2794759825327511,0.44923244590116757,0.32983508245877063,0.47050589644253443,0.10901017055589475,-0.07741275512493141,,
other,p_cost_$1_001 - $5_000,p_cost_$1_001 - $5_000,0.4126637554585153,0.4928516366083496,0.4032983508245877,0.49092782113855254,-0.01904653926140412,0.01346303464823521,,
other,p_cost_$5_001 - $10_000,p_cost_$5_001 - $10_000,0.08951965065502183,0.2858045357487916,0.11544227886056972,0.3197947552369821,0.08459893481653728,-0.06044017181156885,,
other,p_cost_greater $10_000,p_cost_greater $10_000,0.013100436681222707,0.11382928386026812,0.017991004497751123,0.13301825353993826,0.03894888240056675,-0.027934264002290134,,
other,p_application_Anyone could apply regardless of their function/department ,p_application_Anyone could apply regardless of their function/department ,0.2205240174672489,0.41505338096431377,0.27136431784107945,0.4449973149542179,0.11739736656769009,-0.08354798697554282,,
other,p_application_Anyone could apply if belonging to specific function/department/hier level,p_application_Anyone could apply if belonging to specific function/department/hier level,0.2794759825327511,0.4492324459011676,0.3448275862068966,0.4756687329456528,0.1405132939656961,-0.09988461088106569,,
other,p_application_Only people nominated by managers,p_application_Only people nominated by managers,0.04585152838427948,0.20939173084231982,0.034482758620689655,0.18260254246888874,-0.05861661811887038,0.04092012298174347,,
other,p_selection_Yes,p_selection_Yes,0.4388646288209607,0.4967910364852989,0.4992503748125937,0.5003746722144349,0.12103306058243506,-0.0856405196570911,,
other,p_selection_No,p_selection_No,0.10698689956331878,0.30943458679364183,0.15292353823088456,0.36018388509448396,0.13493084931313315,-0.09673933256798015,,
other,p_difloc_Yes,p_difloc_Yes,0.7139737991266376,0.4523959258329605,0.6431784107946027,0.4794210437505471,-0.15107483219170378,0.10740061644182385,,
other,p_difloc_No,p_difloc_No,0.28602620087336245,0.4523959258329605,0.3568215892053973,0.4794210437505471,0.15107483219170367,-0.10740061644182378,,
other,p_difstand_Very standard across geographies,p_difstand_Very standard across geographies,0.31222707423580787,0.4639086352369814,0.2518740629685157,0.4344150694721796,-0.13512299168597885,0.09496140666113756,,
other,p_difstand_Mix of standard and custom,p_difstand_Mix of standard and custom,0.3296943231441048,0.47061614533268026,0.29985007496251875,0.4585359666852627,-0.06439028278377808,0.0454205219094828,,
other,p_difstand_Very flexible,p_difstand_Very flexible,0.07205240174672489,0.25885740666526474,0.09145427286356822,0.28847036101160495,0.07009294504781724,-0.05005833529190334,,
other,p_cont_investment_Not at all likely,p_cont_investment_Not at all likely,0.008733624454148471,0.09314661629557987,0.004497751124437781,0.06696450077693654,-0.05383829801661327,0.036923781093871746,,
other,p_cont_investment_Somewhat likely,p_cont_investment_Somewhat likely,0.16593886462882096,0.37243255682524695,0.10794602698650675,0.31054511323286044,-0.17203260592670674,0.11959338358951731,,
other,p_cont_investment_Uncertain,p_cont_investment_Uncertain,0.1091703056768559,0.3121937789502277,0.07196401799100449,0.258622265439054,-0.13209869716418773,0.09177637821537585,,
other,p_cont_investment_Likely,p_cont_investment_Likely,0.4737991266375546,0.4998590381596297,0.4767616191904048,0.4998345148030149,0.005926828413082687,-0.004190881428607167,,
other,p_cont_investment_Very likely,p_cont_investment_Very likely,0.2423580786026201,0.4289783631496665,0.33883058470764615,0.47366738601753516,0.21155779638583505,-0.1509626849457505,,
other,p_finassessment_Yes,p_finassessment_Yes,0.8733624454148472,0.3329301706706729,0.881559220389805,0.32337182461238806,0.02504397870016654,-0.017660712958924036,,
other,p_finassessment_No,p_finassessment_No,0.12663755458515283,0.3329301706706729,0.1184407796101949,0.323371824612388,-0.025043978700166752,0.01766071295892419,,
other,p_effectiveness_Very Effective,p_effectiveness_Very Effective,0.4519650655021834,0.4982315145622061,0.5952023988005997,0.49122120249845375,0.2899036343765962,-0.20472235999745741,,
other,p_effectiveness_Moderately Effective,p_effectiveness_Moderately Effective,0.5436681222707423,0.49863410271538505,0.39730134932533734,0.48970657149904345,-0.29667391775674884,0.20942721142537882,,
other,p_effectiveness_Not Effective,p_effectiveness_Not Effective,0.004366812227074236,0.06600952082289964,0.0074962518740629685,0.08632050359146899,0.03976910574083522,-0.02879847346697565,,
other,p_roi_No attempt to calculate,p_roi_No attempt to calculate,0.11135371179039301,0.3149136267907282,0.1454272863568216,0.35279568397262484,0.10084142628274824,-0.07205223121134675,,
other,p_roi_Not yet_ but intends to,p_roi_Not yet_ but intends to,0.13755458515283842,0.3448085160909816,0.2938530734632684,0.4558673177726303,0.37727672564228526,-0.2734481210198303,,
other,p_roi_Tried to_ but unable,p_roi_Tried to_ but unable,0.028384279475982533,0.16624968940470303,0.12293853073463268,0.3286130661840869,0.34459900326780857,-0.25674995338626777,,
other,p_roi_Negative ROI,p_roi_Negative ROI,0.27729257641921395,0.44815166917919197,0.038980509745127435,0.19369377222135295,-0.7390428521404486,0.48812595291306604,,
other,p_roi_Positive ROI,p_roi_Positive ROI,0.44541484716157204,0.49755500928306223,0.3988005997001499,0.4900190602405576,-0.09453311236969912,0.06675001277323106,,
